<?xml version="1.0" encoding="UTF-8"?>
<?xml-stylesheet type="text/xsl" href="configuration.xsl"?>
<!--
  Licensed under the Apache License, Version 2.0 (the "License");
  you may not use this file except in compliance with the License.
  You may obtain a copy of the License at

    http://www.apache.org/licenses/LICENSE-2.0

  Unless required by applicable law or agreed to in writing, software
  distributed under the License is distributed on an "AS IS" BASIS,
  WITHOUT WARRANTIES OR CONDITIONS OF ANY KIND, either express or implied.
  See the License for the specific language governing permissions and
  limitations under the License. See accompanying LICENSE file.
-->

<!-- Put site-specific property overrides in this file. -->

<configuration>
        <property>
                <name>dfs.webhdfs.enabled</name>
                <value>true</value>
        </property>

        <property>
                <name>dfs.permissions.enabled</name>
                <value>false</value>
        </property>

        <property>
                <name>dfs.permissions</name>
                <value>false</value>
        </property>

        <property>
                <name>dfs.namenode.name.dir</name>
                <value>/hadoop/dfs/name</value>
        </property>

        <property>
                <name>dfs.datanode.data.dir</name>
                <value>/hadoop/dfs/data</value>
        </property>

        <property>
                <name>dfs.namenode.datanode.registration.ip-hostname-check</name>
                <value>false</value>
        </property>

        <!-- Allow multihomed network for security, availability and performance-->
        <property>
                <name>dfs.namenode.rpc-bind-host</name>
                <value>0.0.0.0</value>
                <description>
                        controls what IP address the NameNode binds to.
                        0.0.0.0 means all available.
                </description>
        </property>

        <property>
                <name>dfs.namenode.servicerpc-bind-host</name>
                <value>0.0.0.0</value>
                <description>
                        controls what IP address the NameNode binds to.
                        0.0.0.0 means all available.
                </description>
        </property>
        <property>
                <name>dfs.replication</name>
                <value>2</value>
        </property>
        <property>
                <name>dfs.namenode.http-bind-host</name>
                <value>0.0.0.0</value>
                <description>
                        controls what IP address the NameNode binds to.
                        0.0.0.0 means all available.
                </description>
        </property>

        <property>
                <name>dfs.namenode.https-bind-host</name>
                <value>0.0.0.0</value>
                <description>
                        controls what IP address the NameNode binds to.
                        0.0.0.0 means all available.
                </description>
        </property>

        <property>
                <name>dfs.client.use.datanode.hostname</name>
                <value>true</value>
                <description>
                        Whether clients should use datanode hostnames when
                        connecting to datanodes.
                </description>
        </property>

        <property>
                <name>dfs.datanode.use.datanode.hostname</name>
                <value>true</value>
                <description>
                        Whether datanodes should use datanode hostnames when
                        connecting to other datanodes for data transfer.
                </description>
        </property>
</configuration>